total # clones,richness_samp,shannon_div,Pielou_even,inverse_simp,chao1_div,Indiv,group,both
19,6,0.999870421,0.558038307,1.7960199,16,E10630,IFN,E10630_IFN
15,9,1.898926789,0.864238826,4.787234043,33.5,T00024,IFN,T00024_IFN
20,15,2.622996276,0.96859219,12.5,35.16666667,T00016,IFN,T00016_IFN
12,12,2.48490665,1,12,78,E10630,CD8,E10630_CD8
20,20,2.995732274,1,20,210,T00016,CD8,T00016_CD8
12,12,2.48490665,1,12,78,T00024,CD8,T00024_CD8
21,21,2.4,1,21,220,E10630,Ex_Vivo,Dummy1_healthy
16,16,2.9,1,16,120,T00024,Ex_Vivo,Dummy2_healthy
15,15,2.35,1,15,95,T00016,Ex_Vivo,Dummy3_healthy